offline_data_id,target_id,offline_row,is_benchmark_row,s0,s1,s2,s3,s4,a0
6,0,117117,False,0.09217140078544617,-0.08239652961492538,-0.5201446413993835,0.9159896969795227,0.28822413086891174,-0.26174497604370117
6,1,85230,False,-1.2441000938415527,-0.664417028427124,-1.037726640701294,0.24188482761383057,-0.8320666551589966,0.9882361888885498
6,2,134704,False,0.2757890224456787,0.6802775859832764,0.4309256672859192,-0.08070886135101318,0.406247615814209,-0.3887057900428772
6,3,149686,False,0.7319465279579163,0.12860718369483948,1.0049774646759033,0.46010756492614746,-1.7634650468826294,0.5519458055496216
6,4,59655,False,0.5748840570449829,0.11127966642379761,0.5224093198776245,-0.563589870929718,-0.2439182698726654,0.6830316781997681
6,5,121951,False,0.4843786954879761,0.27311134338378906,1.5536185503005981,-0.19678476452827454,0.1103869378566742,-0.16545137763023376
6,6,9951,False,-0.14223727583885193,0.5380592346191406,-0.393911749124527,0.825987696647644,0.6234821081161499,-0.4943997859954834
6,7,113585,False,0.3732478618621826,0.45837312936782837,0.2583737075328827,0.7417279481887817,0.31695228815078735,-0.34371012449264526
6,8,30154,False,-0.5998461842536926,0.17588107287883759,-1.0666009187698364,-0.25014597177505493,-0.9388821125030518,1.1840558052062988
6,9,88570,False,-0.37798357009887695,0.09956079721450806,-0.2100755274295807,0.5169306993484497,0.2029854953289032,-0.49107131361961365
6,10,145026,False,-0.6032718420028687,-1.0331764221191406,-1.1368443965911865,-0.026968002319335938,-0.19083194434642792,0.7921632528305054
6,11,107635,False,0.19464798271656036,0.9632145166397095,0.007594481110572815,0.5545456409454346,-0.1408180594444275,-0.060544729232788086
6,12,148387,False,-0.83245450258255,1.1170899868011475,-0.6651071310043335,0.08929745852947235,-0.298401802778244,0.6389323472976685
6,13,41464,False,-0.586349606513977,0.5945808291435242,-0.3629103899002075,-0.09429651498794556,0.5234926342964172,0.03172183036804199
6,14,72857,False,-0.09254981577396393,-0.19211061298847198,-0.6288874745368958,0.4185345768928528,-0.22629305720329285,0.3271496891975403
6,15,132321,False,0.23886586725711823,0.5954560041427612,0.5715049505233765,-0.3255976736545563,1.7020704746246338,-0.7081705331802368
6,16,136396,False,-0.6112983226776123,0.9924400448799133,-0.3965947926044464,-0.1345583200454712,-0.5469192266464233,0.9306025505065918
6,17,40778,False,0.6512958407402039,0.71954745054245,0.4183472990989685,-0.17721956968307495,-0.46801263093948364,0.36549651622772217
6,18,92650,False,-1.0528724193572998,0.1052725613117218,-1.0174609422683716,-0.3781662881374359,0.02518625557422638,0.828016996383667
6,19,63713,False,-0.06514972448348999,1.0482243299484253,0.2107143998146057,-0.3507956266403198,-0.7724779844284058,1.134414553642273
6,20,42170,False,-0.016650021076202393,0.10802561044692993,1.0344700813293457,-0.6412777900695801,1.2696977853775024,1.0688470602035522
6,21,99390,False,0.9276427626609802,0.3002200722694397,1.6357210874557495,1.4738762378692627,-1.1039708852767944,-0.35999995470046997
6,22,50048,False,1.0129460096359253,0.7716855406761169,1.0759460926055908,0.6326489448547363,0.3586059510707855,-0.9555048942565918
6,23,92149,False,-0.008018821477890015,0.27512815594673157,-0.3538843095302582,-0.9565176367759705,0.384488970041275,0.5776358246803284
6,24,40261,False,0.044849496334791183,-0.47386693954467773,-0.18654225766658783,0.22481878101825714,1.5949678421020508,0.27605319023132324
6,25,16334,False,0.021303683519363403,1.2323905229568481,0.40176889300346375,0.7395066022872925,0.4515154957771301,-0.17632126808166504
6,26,68393,False,-0.6828621625900269,0.06073448807001114,-0.27551764249801636,0.6407828330993652,0.6222903728485107,-0.06448549032211304
6,27,131387,False,0.14285063743591309,0.4317397475242615,-0.1315498948097229,1.1438162326812744,-0.03897103667259216,-0.4471319913864136
6,28,137374,False,0.24426943063735962,0.20948192477226257,0.05743895471096039,-0.11561496555805206,0.6815078258514404,0.2909334897994995
6,29,3870,False,0.5592975616455078,0.5804654359817505,0.030203193426132202,-0.2749474048614502,0.42598316073417664,0.3145682215690613
6,30,87559,False,0.7484043836593628,0.4209367036819458,0.2897035479545593,0.4917498230934143,-0.9547608494758606,0.11568934470415115
6,31,5329,False,1.0101531744003296,0.5854243040084839,0.6145564317703247,0.06572264432907104,-0.20441260933876038,-0.09049103409051895
6,32,69490,False,-0.8010351061820984,0.05409669876098633,-2.141995906829834,0.3151952624320984,1.1045334339141846,-0.1303141713142395
6,33,55959,False,0.02458903193473816,-0.41109931468963623,0.5100282430648804,-0.1471259891986847,-0.016868077218532562,0.18124258518218994
6,34,134496,False,-0.03055804967880249,0.36782121658325195,-0.29127541184425354,0.6075165867805481,-0.9140650033950806,0.24282076954841614
6,35,125773,False,-0.8672345280647278,-0.20921126008033752,0.2037946581840515,0.4506653845310211,0.08257129788398743,-0.333795964717865
6,36,84622,False,-0.04044106602668762,0.2614748477935791,0.40206262469291687,0.19383658468723297,-1.2974852323532104,0.5727907419204712
6,37,32662,False,-1.091701865196228,-1.0851609706878662,-1.1766422986984253,0.5945117473602295,-1.0117440223693848,0.7610632181167603
6,38,17762,False,0.49056822061538696,-0.038221102207899094,0.9988259673118591,0.7184358239173889,-0.7502087354660034,-0.03254929184913635
6,39,146724,False,-1.1281371116638184,0.4289343059062958,-0.06585976481437683,0.45057839155197144,-0.108256995677948,-0.3361666202545166
6,40,49428,False,0.40504372119903564,0.029967695474624634,0.2676370143890381,0.002447645179927349,-0.7688224911689758,1.0973955392837524
6,41,44974,False,0.3594179153442383,0.05852320417761803,0.9330404996871948,0.679638147354126,-0.42679154872894287,-0.04364374279975891
6,42,71584,False,0.7055546641349792,0.42762306332588196,0.5441428422927856,0.2537253797054291,-0.44101637601852417,0.13595187664031982
6,43,102016,False,0.23220372200012207,0.12870454788208008,0.31691160798072815,-0.5450644493103027,0.6592744588851929,0.21495863795280457
6,44,47191,False,-0.2757149338722229,-0.027694135904312134,0.27635034918785095,-0.029975872486829758,-0.48198121786117554,0.42731475830078125
6,45,86629,False,1.1888542175292969,0.47620925307273865,1.2070634365081787,0.39274412393569946,0.48756372928619385,0.022184014320373535
6,46,56043,False,0.08888891339302063,-0.2028454840183258,0.6735339164733887,-0.02612064778804779,0.16439667344093323,0.028084829449653625
6,47,22629,False,-0.1315784752368927,-0.04520857334136963,0.05204176902770996,0.12218770384788513,1.4262940883636475,-0.5835460424423218
6,48,53123,False,-0.1036977767944336,0.022763311862945557,0.37782108783721924,-0.18102967739105225,-0.2477414458990097,0.8116252422332764
6,49,141472,False,0.3635236620903015,0.30616503953933716,-0.7063193321228027,0.43642720580101013,-0.08476990461349487,0.23121210932731628
6,50,11860,False,0.045959193259477615,0.4656951129436493,0.039810970425605774,-0.12845876812934875,0.009598761796951294,0.07743120193481445
6,51,53281,False,-0.17994250357151031,0.8546299338340759,0.2596181035041809,-0.499118447303772,0.21327060461044312,0.10087640583515167
6,52,39155,False,0.45543724298477173,-0.41779446601867676,-0.3681355118751526,-0.8727393746376038,0.6066242456436157,0.9381428956985474
6,53,66855,False,0.07115218043327332,0.19038373231887817,-0.33676692843437195,0.4320807158946991,-0.7003746628761292,0.7388917207717896
6,54,88216,False,0.0105573870241642,-0.7196899652481079,-0.2125917375087738,0.2277446687221527,0.8605710864067078,0.3221737742424011
6,55,103952,False,-0.07257304340600967,0.8898473978042603,1.0685555934906006,0.073453389108181,-1.0502756834030151,0.20331932604312897
6,56,147646,False,0.5476945638656616,0.975312352180481,0.7694917917251587,0.03858873248100281,0.11950574815273285,0.3084113597869873
6,57,40153,False,0.5021479725837708,0.5413369536399841,0.3979252576828003,0.7045462131500244,0.11153671890497208,-0.6664521098136902
6,58,5189,False,-0.6371619701385498,-0.12805449962615967,-0.9394341707229614,-0.514020562171936,0.05726999044418335,0.5908899307250977
6,59,39448,False,-1.2063030004501343,0.06391909718513489,-0.13085508346557617,0.35820943117141724,-0.6965526938438416,0.7227343916893005
6,60,3410,False,0.277800977230072,0.5972108244895935,-0.14722079038619995,-1.0828361511230469,-1.1667380332946777,2.392146587371826
6,61,99802,False,-0.12066107988357544,0.20970258116722107,-0.307435005903244,-0.2317943274974823,0.03209745138883591,0.6230605244636536
6,62,47362,False,-1.0125583410263062,-0.9685482382774353,-0.8812992572784424,0.7620453834533691,0.47472816705703735,-0.4088713526725769
6,63,106880,False,0.05223327875137329,1.7301957607269287,-0.27995362877845764,-0.470924973487854,1.0661002397537231,-0.4324415624141693
6,64,45437,False,0.0427812822163105,0.3473183810710907,-1.550992488861084,0.48143982887268066,1.1802657842636108,-0.36986517906188965
6,65,92948,False,0.25884297490119934,-1.0354849100112915,0.46822693943977356,0.2250089943408966,0.45467597246170044,0.19658619165420532
6,66,124030,False,0.38973626494407654,1.3820595741271973,0.6582722663879395,1.7678844928741455,0.29276227951049805,0.4384579658508301
6,67,44930,False,0.45510333776474,0.17631816864013672,-0.23327098786830902,0.948513388633728,-1.1377463340759277,0.5372520685195923
6,68,73504,False,0.617851972579956,0.5784013271331787,0.7480674386024475,0.5975095629692078,0.9145411849021912,-0.6523966789245605
6,69,42076,False,-0.7035053968429565,-0.764090895652771,0.955612301826477,-0.1410674750804901,-1.2982425689697266,1.4197816848754883
6,70,97279,False,-0.33269935846328735,-0.2349902093410492,-0.20599564909934998,0.7612720131874084,-1.1246914863586426,0.41720035672187805
6,71,22470,False,-0.6496533155441284,0.8974484801292419,-0.04615922272205353,-0.016843140125274658,-1.1561622619628906,1.3555259704589844
6,72,88086,False,0.27912282943725586,0.4261975586414337,0.6703567504882812,0.8119035959243774,-1.2044764757156372,0.06377607583999634
6,73,96317,False,0.3138991892337799,-0.13830402493476868,0.1537918895483017,-0.16278398036956787,-1.641745686531067,1.365565299987793
6,74,6834,False,-0.11922910809516907,-0.09869033843278885,-0.7643609642982483,0.9791673421859741,-1.1529579162597656,0.34090250730514526
6,75,116006,False,0.7996395826339722,-0.4432501196861267,0.48851704597473145,0.4719250202178955,0.8850576877593994,0.014416754245758057
6,76,92436,False,0.3746168911457062,0.6583189368247986,0.025903552770614624,0.90488600730896,0.8762252330780029,0.19833922386169434
6,77,24893,False,-0.5483980774879456,-0.3833981454372406,-0.3139939606189728,0.2751283645629883,-1.048621416091919,1.3895987272262573
6,78,119102,False,0.06686262786388397,0.19039025902748108,0.4833149313926697,-0.04884544014930725,0.4850320816040039,-0.17835068702697754
6,79,76032,False,-0.32159948348999023,0.004125181585550308,-0.9431536793708801,0.5633208155632019,0.11283925175666809,0.23123371601104736
6,80,61788,False,0.8076228499412537,-0.6134822368621826,-0.13882353901863098,-0.9159640073776245,1.0803344249725342,0.7612032890319824
6,81,39726,False,0.9894163012504578,0.4872852563858032,1.3400907516479492,0.16678105294704437,0.9204014539718628,-0.910403847694397
6,82,42610,False,-1.1205620765686035,-0.967753529548645,-0.4585663378238678,-1.028364658355713,-0.6515125036239624,2.2323436737060547
6,83,66056,False,0.31018027663230896,-0.3976427912712097,0.932645857334137,0.6077262163162231,-0.9374313950538635,0.24179142713546753
6,84,111308,False,0.27155566215515137,1.1979135274887085,0.9333274960517883,-0.009751319885253906,-0.35346323251724243,0.3550325334072113
6,85,69055,False,0.05445776879787445,-0.9034642577171326,0.22468404471874237,-0.5651067495346069,0.1410353183746338,0.5826112031936646
6,86,112820,False,-0.3209803104400635,-0.10552544891834259,-0.6751688718795776,-0.3844607472419739,0.27033329010009766,1.1861214637756348
6,87,56053,False,-0.2892811894416809,0.06034189462661743,-0.3281770348548889,-0.32650643587112427,0.12116913497447968,0.6831710338592529
6,88,57170,False,-0.26014259457588196,-1.3683942556381226,-0.9419138431549072,-0.5458273887634277,0.9966284036636353,0.6804340481758118
6,89,61361,False,-0.4247311055660248,0.3562929630279541,0.8122137784957886,-0.2481100708246231,-0.4921949505805969,0.4975353479385376
6,90,109710,False,0.20629432797431946,0.07338351011276245,0.5072906017303467,-0.14968498051166534,-0.12703877687454224,0.15945705771446228
6,91,75172,False,0.40436437726020813,0.3274965286254883,0.3448913097381592,0.3519023060798645,-0.8153249025344849,1.0078551769256592
6,92,24591,False,-0.38269004225730896,-0.28484559059143066,-0.734146237373352,1.3079185485839844,0.8021494746208191,-1.3134263753890991
6,93,140333,False,0.10267089307308197,0.09722208976745605,0.27904704213142395,0.012805387377738953,0.6329013705253601,0.10085892677307129
6,94,96153,False,-0.17949646711349487,-0.16239392757415771,-0.030324935913085938,0.08026817440986633,-0.48016631603240967,0.7917197942733765
6,95,97484,False,0.7438326478004456,-0.1420077383518219,0.601571798324585,0.1349216252565384,0.06668953597545624,0.00202786922454834
6,96,2035,False,-0.7781844735145569,0.1563684344291687,-0.2594464123249054,0.1663021445274353,-0.9027991890907288,0.7123726010322571
6,97,109081,False,-0.7549967169761658,-0.03600612282752991,0.35261017084121704,0.07788978517055511,-1.0112360715866089,1.3221231698989868
6,98,48713,False,0.0712844505906105,0.18831926584243774,0.0959155336022377,0.6293063759803772,0.03508579730987549,-0.20432540774345398
6,99,72478,False,1.6104207038879395,0.9774172306060791,0.9276195764541626,-0.48637938499450684,3.179619312286377,0.8623471260070801
